date,committed,type
2026-06-25,True,auto
2026-06-26,True,auto
2026-06-27,True,auto
2026-06-28,True,auto
2026-06-29,True,auto
2026-06-30,True,auto
2026-07-01,True,auto
2026-07-02,True,auto
2026-07-03,True,auto
2026-07-04,True,auto
2026-07-05,True,auto
2026-07-06,True,auto
2026-07-07,True,auto
2026-07-08,True,auto
2026-07-09,True,auto
2026-07-10,True,auto
2026-07-11,True,auto
2026-07-12,True,auto
2026-07-13,True,auto
2026-07-14,True,auto
2026-07-15,True,auto
2026-07-16,True,auto
2026-07-17,True,auto
2026-07-18,True,auto
2026-07-19,True,auto
2026-07-20,True,auto
2026-07-21,True,auto
2026-07-22,True,auto
2026-07-23,True,auto
2026-07-24,True,auto
